Id,median_house_value
0,178050.0
1,178050.0
2,178050.0
3,178050.0
4,178050.0
5,178050.0
6,178050.0
7,178050.0
8,178050.0
9,178050.0
10,178050.0
11,178050.0
12,178050.0
13,178050.0
14,178050.0
15,178050.0
16,178050.0
17,178050.0
18,178050.0
19,178050.0
20,178050.0
21,178050.0
22,178050.0
23,178050.0
24,178050.0
25,178050.0
26,178050.0
27,178050.0
28,178050.0
29,178050.0
30,178050.0
31,178050.0
32,178050.0
33,178050.0
34,178050.0
35,178050.0
36,178050.0
37,178050.0
38,178050.0
39,178050.0
40,178050.0
41,178050.0
42,178050.0
43,178050.0
44,178050.0
45,178050.0
46,178050.0
47,178050.0
48,178050.0
49,178050.0
50,178050.0
51,178050.0
52,178050.0
53,178050.0
54,178050.0
55,178050.0
56,178050.0
57,178050.0
58,178050.0
59,178050.0
60,178050.0
61,178050.0
62,178050.0
63,178050.0
64,178050.0
65,178050.0
66,178050.0
67,178050.0
68,178050.0
69,178050.0
70,178050.0
71,178050.0
72,178050.0
73,178050.0
74,178050.0
75,178050.0
76,178050.0
77,178050.0
78,178050.0
79,178050.0
80,178050.0
81,178050.0
82,178050.0
83,178050.0
84,178050.0
85,178050.0
86,178050.0
87,178050.0
88,178050.0
89,178050.0
90,178050.0
91,178050.0
92,178050.0
93,178050.0
94,178050.0
95,178050.0
96,178050.0
97,178050.0
98,178050.0
99,178050.0
100,178050.0
101,178050.0
102,178050.0
103,178050.0
104,178050.0
105,178050.0
106,178050.0
107,178050.0
108,178050.0
109,178050.0
110,178050.0
111,178050.0
112,178050.0
113,178050.0
114,178050.0
115,178050.0
116,178050.0
117,178050.0
118,178050.0
119,178050.0
120,178050.0
121,178050.0
122,178050.0
123,178050.0
124,178050.0
125,178050.0
126,178050.0
127,178050.0
128,178050.0
129,178050.0
130,178050.0
131,178050.0
132,178050.0
133,178050.0
134,178050.0
135,178050.0
136,178050.0
137,178050.0
138,178050.0
139,178050.0
140,178050.0
141,178050.0
142,178050.0
143,178050.0
144,178050.0
145,178050.0
146,178050.0
147,178050.0
148,178050.0
149,178050.0
150,178050.0
151,178050.0
152,178050.0
153,178050.0
154,178050.0
155,178050.0
156,178050.0
157,178050.0
158,178050.0
159,178050.0
160,178050.0
161,178050.0
162,178050.0
163,178050.0
164,178050.0
165,178050.0
166,178050.0
167,178050.0
168,178050.0
169,178050.0
170,178050.0
171,178050.0
172,178050.0
173,178050.0
174,178050.0
175,178050.0
176,178050.0
177,178050.0
178,178050.0
179,178050.0
180,178050.0
181,178050.0
182,178050.0
183,178050.0
184,178050.0
185,178050.0
186,178050.0
187,178050.0
188,178050.0
189,178050.0
190,178050.0
191,178050.0
192,178050.0
193,178050.0
194,178050.0
195,178050.0
196,178050.0
197,178050.0
198,178050.0
199,178050.0
200,178050.0
201,178050.0
202,178050.0
203,178050.0
204,178050.0
205,178050.0
206,178050.0
207,178050.0
208,178050.0
209,178050.0
210,178050.0
211,178050.0
212,178050.0
213,178050.0
214,178050.0
215,178050.0
216,178050.0
217,178050.0
218,178050.0
219,178050.0
220,178050.0
221,178050.0
222,178050.0
223,178050.0
224,178050.0
225,178050.0
226,178050.0
227,178050.0
228,178050.0
229,178050.0
230,178050.0
231,178050.0
232,178050.0
233,178050.0
234,178050.0
235,178050.0
236,178050.0
237,178050.0
238,178050.0
239,178050.0
240,178050.0
241,178050.0
242,178050.0
243,178050.0
244,178050.0
245,178050.0
246,178050.0
247,178050.0
248,178050.0
249,178050.0
250,178050.0
251,178050.0
252,178050.0
253,178050.0
254,178050.0
255,178050.0
256,178050.0
257,178050.0
258,178050.0
259,178050.0
260,178050.0
261,178050.0
262,178050.0
263,178050.0
264,178050.0
265,178050.0
266,178050.0
267,178050.0
268,178050.0
269,178050.0
270,178050.0
271,178050.0
272,178050.0
273,178050.0
274,178050.0
275,178050.0
276,178050.0
277,178050.0
278,178050.0
279,178050.0
280,178050.0
281,178050.0
282,178050.0
283,178050.0
284,178050.0
285,178050.0
286,178050.0
287,178050.0
288,178050.0
289,178050.0
290,178050.0
291,178050.0
292,178050.0
293,178050.0
294,178050.0
295,178050.0
296,178050.0
297,178050.0
298,178050.0
299,178050.0
300,178050.0
301,178050.0
302,178050.0
303,178050.0
304,178050.0
305,178050.0
306,178050.0
307,178050.0
308,178050.0
309,178050.0
310,178050.0
311,178050.0
312,178050.0
313,178050.0
314,178050.0
315,178050.0
316,178050.0
317,178050.0
318,178050.0
319,178050.0
320,178050.0
321,178050.0
322,178050.0
323,178050.0
324,178050.0
325,178050.0
326,178050.0
327,178050.0
328,178050.0
329,178050.0
330,178050.0
331,178050.0
332,178050.0
333,178050.0
334,178050.0
335,178050.0
336,178050.0
337,178050.0
338,178050.0
339,178050.0
340,178050.0
341,178050.0
342,178050.0
343,178050.0
344,178050.0
345,178050.0
346,178050.0
347,178050.0
348,178050.0
349,178050.0
350,178050.0
351,178050.0
352,178050.0
353,178050.0
354,178050.0
355,178050.0
356,178050.0
357,178050.0
358,178050.0
359,178050.0
360,178050.0
361,178050.0
362,178050.0
363,178050.0
364,178050.0
365,178050.0
366,178050.0
367,178050.0
368,178050.0
369,178050.0
370,178050.0
371,178050.0
372,178050.0
373,178050.0
374,178050.0
375,178050.0
376,178050.0
377,178050.0
378,178050.0
379,178050.0
380,178050.0
381,178050.0
382,178050.0
383,178050.0
384,178050.0
385,178050.0
386,178050.0
387,178050.0
388,178050.0
389,178050.0
390,178050.0
391,178050.0
392,178050.0
393,178050.0
394,178050.0
395,178050.0
396,178050.0
397,178050.0
398,178050.0
399,178050.0
400,178050.0
401,178050.0
402,178050.0
403,178050.0
404,178050.0
405,178050.0
406,178050.0
407,178050.0
408,178050.0
409,178050.0
410,178050.0
411,178050.0
412,178050.0
413,178050.0
414,178050.0
415,178050.0
416,178050.0
417,178050.0
418,178050.0
419,178050.0
420,178050.0
421,178050.0
422,178050.0
423,178050.0
424,178050.0
425,178050.0
426,178050.0
427,178050.0
428,178050.0
429,178050.0
430,178050.0
431,178050.0
432,178050.0
433,178050.0
434,178050.0
435,178050.0
436,178050.0
437,178050.0
438,178050.0
439,178050.0
440,178050.0
441,178050.0
442,178050.0
443,178050.0
444,178050.0
445,178050.0
446,178050.0
447,178050.0
448,178050.0
449,178050.0
450,178050.0
451,178050.0
452,178050.0
453,178050.0
454,178050.0
455,178050.0
456,178050.0
457,178050.0
458,178050.0
459,178050.0
460,178050.0
461,178050.0
462,178050.0
463,178050.0
464,178050.0
465,178050.0
466,178050.0
467,178050.0
468,178050.0
469,178050.0
470,178050.0
471,178050.0
472,178050.0
473,178050.0
474,178050.0
475,178050.0
476,178050.0
477,178050.0
478,178050.0
479,178050.0
480,178050.0
481,178050.0
482,178050.0
483,178050.0
484,178050.0
485,178050.0
486,178050.0
487,178050.0
488,178050.0
489,178050.0
490,178050.0
491,178050.0
492,178050.0
493,178050.0
494,178050.0
495,178050.0
496,178050.0
497,178050.0
498,178050.0
499,178050.0
500,178050.0
501,178050.0
502,178050.0
503,178050.0
504,178050.0
505,178050.0
506,178050.0
507,178050.0
508,178050.0
509,178050.0
510,178050.0
511,178050.0
512,178050.0
513,178050.0
514,178050.0
515,178050.0
516,178050.0
517,178050.0
518,178050.0
519,178050.0
520,178050.0
521,178050.0
522,178050.0
523,178050.0
524,178050.0
525,178050.0
526,178050.0
527,178050.0
528,178050.0
529,178050.0
530,178050.0
531,178050.0
532,178050.0
533,178050.0
534,178050.0
535,178050.0
536,178050.0
537,178050.0
538,178050.0
539,178050.0
540,178050.0
541,178050.0
542,178050.0
543,178050.0
544,178050.0
545,178050.0
546,178050.0
547,178050.0
548,178050.0
549,178050.0
550,178050.0
551,178050.0
552,178050.0
553,178050.0
554,178050.0
555,178050.0
556,178050.0
557,178050.0
558,178050.0
559,178050.0
560,178050.0
561,178050.0
562,178050.0
563,178050.0
564,178050.0
565,178050.0
566,178050.0
567,178050.0
568,178050.0
569,178050.0
570,178050.0
571,178050.0
572,178050.0
573,178050.0
574,178050.0
575,178050.0
576,178050.0
577,178050.0
578,178050.0
579,178050.0
580,178050.0
581,178050.0
582,178050.0
583,178050.0
584,178050.0
585,178050.0
586,178050.0
587,178050.0
588,178050.0
589,178050.0
590,178050.0
591,178050.0
592,178050.0
593,178050.0
594,178050.0
595,178050.0
596,178050.0
597,178050.0
598,178050.0
599,178050.0
600,178050.0
601,178050.0
602,178050.0
603,178050.0
604,178050.0
605,178050.0
606,178050.0
607,178050.0
608,178050.0
609,178050.0
610,178050.0
611,178050.0
612,178050.0
613,178050.0
614,178050.0
615,178050.0
616,178050.0
617,178050.0
618,178050.0
619,178050.0
620,178050.0
621,178050.0
622,178050.0
623,178050.0
624,178050.0
625,178050.0
626,178050.0
627,178050.0
628,178050.0
629,178050.0
630,178050.0
631,178050.0
632,178050.0
633,178050.0
634,178050.0
635,178050.0
636,178050.0
637,178050.0
638,178050.0
639,178050.0
640,178050.0
641,178050.0
642,178050.0
643,178050.0
644,178050.0
645,178050.0
646,178050.0
647,178050.0
648,178050.0
649,178050.0
650,178050.0
651,178050.0
652,178050.0
653,178050.0
654,178050.0
655,178050.0
656,178050.0
657,178050.0
658,178050.0
659,178050.0
660,178050.0
661,178050.0
662,178050.0
663,178050.0
664,178050.0
665,178050.0
666,178050.0
667,178050.0
668,178050.0
669,178050.0
670,178050.0
671,178050.0
672,178050.0
673,178050.0
674,178050.0
675,178050.0
676,178050.0
677,178050.0
678,178050.0
679,178050.0
680,178050.0
681,178050.0
682,178050.0
683,178050.0
684,178050.0
685,178050.0
686,178050.0
687,178050.0
688,178050.0
689,178050.0
690,178050.0
691,178050.0
692,178050.0
693,178050.0
694,178050.0
695,178050.0
696,178050.0
697,178050.0
698,178050.0
699,178050.0
700,178050.0
701,178050.0
702,178050.0
703,178050.0
704,178050.0
705,178050.0
706,178050.0
707,178050.0
708,178050.0
709,178050.0
710,178050.0
711,178050.0
712,178050.0
713,178050.0
714,178050.0
715,178050.0
716,178050.0
717,178050.0
718,178050.0
719,178050.0
720,178050.0
721,178050.0
722,178050.0
723,178050.0
724,178050.0
725,178050.0
726,178050.0
727,178050.0
728,178050.0
729,178050.0
730,178050.0
731,178050.0
732,178050.0
733,178050.0
734,178050.0
735,178050.0
736,178050.0
737,178050.0
738,178050.0
739,178050.0
740,178050.0
741,178050.0
742,178050.0
743,178050.0
744,178050.0
745,178050.0
746,178050.0
747,178050.0
748,178050.0
749,178050.0
750,178050.0
751,178050.0
752,178050.0
753,178050.0
754,178050.0
755,178050.0
756,178050.0
757,178050.0
758,178050.0
759,178050.0
760,178050.0
761,178050.0
762,178050.0
763,178050.0
764,178050.0
765,178050.0
766,178050.0
767,178050.0
768,178050.0
769,178050.0
770,178050.0
771,178050.0
772,178050.0
773,178050.0
774,178050.0
775,178050.0
776,178050.0
777,178050.0
778,178050.0
779,178050.0
780,178050.0
781,178050.0
782,178050.0
783,178050.0
784,178050.0
785,178050.0
786,178050.0
787,178050.0
788,178050.0
789,178050.0
790,178050.0
791,178050.0
792,178050.0
793,178050.0
794,178050.0
795,178050.0
796,178050.0
797,178050.0
798,178050.0
799,178050.0
800,178050.0
801,178050.0
802,178050.0
803,178050.0
804,178050.0
805,178050.0
806,178050.0
807,178050.0
808,178050.0
809,178050.0
810,178050.0
811,178050.0
812,178050.0
813,178050.0
814,178050.0
815,178050.0
816,178050.0
817,178050.0
818,178050.0
819,178050.0
820,178050.0
821,178050.0
822,178050.0
823,178050.0
824,178050.0
825,178050.0
826,178050.0
827,178050.0
828,178050.0
829,178050.0
830,178050.0
831,178050.0
832,178050.0
833,178050.0
834,178050.0
835,178050.0
836,178050.0
837,178050.0
838,178050.0
839,178050.0
840,178050.0
841,178050.0
842,178050.0
843,178050.0
844,178050.0
845,178050.0
846,178050.0
847,178050.0
848,178050.0
849,178050.0
850,178050.0
851,178050.0
852,178050.0
853,178050.0
854,178050.0
855,178050.0
856,178050.0
857,178050.0
858,178050.0
859,178050.0
860,178050.0
861,178050.0
862,178050.0
863,178050.0
864,178050.0
865,178050.0
866,178050.0
867,178050.0
868,178050.0
869,178050.0
870,178050.0
871,178050.0
872,178050.0
873,178050.0
874,178050.0
875,178050.0
876,178050.0
877,178050.0
878,178050.0
879,178050.0
880,178050.0
881,178050.0
882,178050.0
883,178050.0
884,178050.0
885,178050.0
886,178050.0
887,178050.0
888,178050.0
889,178050.0
890,178050.0
891,178050.0
892,178050.0
893,178050.0
894,178050.0
895,178050.0
896,178050.0
897,178050.0
898,178050.0
899,178050.0
900,178050.0
901,178050.0
902,178050.0
903,178050.0
904,178050.0
905,178050.0
906,178050.0
907,178050.0
908,178050.0
909,178050.0
910,178050.0
911,178050.0
912,178050.0
913,178050.0
914,178050.0
915,178050.0
916,178050.0
917,178050.0
918,178050.0
919,178050.0
920,178050.0
921,178050.0
922,178050.0
923,178050.0
924,178050.0
925,178050.0
926,178050.0
927,178050.0
928,178050.0
929,178050.0
930,178050.0
931,178050.0
932,178050.0
933,178050.0
934,178050.0
935,178050.0
936,178050.0
937,178050.0
938,178050.0
939,178050.0
940,178050.0
941,178050.0
942,178050.0
943,178050.0
944,178050.0
945,178050.0
946,178050.0
947,178050.0
948,178050.0
949,178050.0
950,178050.0
951,178050.0
952,178050.0
953,178050.0
954,178050.0
955,178050.0
956,178050.0
957,178050.0
958,178050.0
959,178050.0
960,178050.0
961,178050.0
962,178050.0
963,178050.0
964,178050.0
965,178050.0
966,178050.0
967,178050.0
968,178050.0
969,178050.0
970,178050.0
971,178050.0
972,178050.0
973,178050.0
974,178050.0
975,178050.0
976,178050.0
977,178050.0
978,178050.0
979,178050.0
980,178050.0
981,178050.0
982,178050.0
983,178050.0
984,178050.0
985,178050.0
986,178050.0
987,178050.0
988,178050.0
989,178050.0
990,178050.0
991,178050.0
992,178050.0
993,178050.0
994,178050.0
995,178050.0
996,178050.0
997,178050.0
998,178050.0
999,178050.0
1000,178050.0
1001,178050.0
1002,178050.0
1003,178050.0
1004,178050.0
1005,178050.0
1006,178050.0
1007,178050.0
1008,178050.0
1009,178050.0
1010,178050.0
1011,178050.0
1012,178050.0
1013,178050.0
1014,178050.0
1015,178050.0
1016,178050.0
1017,178050.0
1018,178050.0
1019,178050.0
1020,178050.0
1021,178050.0
1022,178050.0
1023,178050.0
1024,178050.0
1025,178050.0
1026,178050.0
1027,178050.0
1028,178050.0
1029,178050.0
1030,178050.0
1031,178050.0
1032,178050.0
1033,178050.0
1034,178050.0
1035,178050.0
1036,178050.0
1037,178050.0
1038,178050.0
1039,178050.0
1040,178050.0
1041,178050.0
1042,178050.0
1043,178050.0
1044,178050.0
1045,178050.0
1046,178050.0
1047,178050.0
1048,178050.0
1049,178050.0
1050,178050.0
1051,178050.0
1052,178050.0
1053,178050.0
1054,178050.0
1055,178050.0
1056,178050.0
1057,178050.0
1058,178050.0
1059,178050.0
1060,178050.0
1061,178050.0
1062,178050.0
1063,178050.0
1064,178050.0
1065,178050.0
1066,178050.0
1067,178050.0
1068,178050.0
1069,178050.0
1070,178050.0
1071,178050.0
1072,178050.0
1073,178050.0
1074,178050.0
1075,178050.0
1076,178050.0
1077,178050.0
1078,178050.0
1079,178050.0
1080,178050.0
1081,178050.0
1082,178050.0
1083,178050.0
1084,178050.0
1085,178050.0
1086,178050.0
1087,178050.0
1088,178050.0
1089,178050.0
1090,178050.0
1091,178050.0
1092,178050.0
1093,178050.0
1094,178050.0
1095,178050.0
1096,178050.0
1097,178050.0
1098,178050.0
1099,178050.0
1100,178050.0
1101,178050.0
1102,178050.0
1103,178050.0
1104,178050.0
1105,178050.0
1106,178050.0
1107,178050.0
1108,178050.0
1109,178050.0
1110,178050.0
1111,178050.0
1112,178050.0
1113,178050.0
1114,178050.0
1115,178050.0
1116,178050.0
1117,178050.0
1118,178050.0
1119,178050.0
1120,178050.0
1121,178050.0
1122,178050.0
1123,178050.0
1124,178050.0
1125,178050.0
1126,178050.0
1127,178050.0
1128,178050.0
1129,178050.0
1130,178050.0
1131,178050.0
1132,178050.0
1133,178050.0
1134,178050.0
1135,178050.0
1136,178050.0
1137,178050.0
1138,178050.0
1139,178050.0
1140,178050.0
1141,178050.0
1142,178050.0
1143,178050.0
1144,178050.0
1145,178050.0
1146,178050.0
1147,178050.0
1148,178050.0
1149,178050.0
1150,178050.0
1151,178050.0
1152,178050.0
1153,178050.0
1154,178050.0
1155,178050.0
1156,178050.0
1157,178050.0
1158,178050.0
1159,178050.0
1160,178050.0
1161,178050.0
1162,178050.0
1163,178050.0
1164,178050.0
1165,178050.0
1166,178050.0
1167,178050.0
1168,178050.0
1169,178050.0
1170,178050.0
1171,178050.0
1172,178050.0
1173,178050.0
1174,178050.0
1175,178050.0
1176,178050.0
1177,178050.0
1178,178050.0
1179,178050.0
1180,178050.0
1181,178050.0
1182,178050.0
1183,178050.0
1184,178050.0
1185,178050.0
1186,178050.0
1187,178050.0
1188,178050.0
1189,178050.0
1190,178050.0
1191,178050.0
1192,178050.0
1193,178050.0
1194,178050.0
1195,178050.0
1196,178050.0
1197,178050.0
1198,178050.0
1199,178050.0
1200,178050.0
1201,178050.0
1202,178050.0
1203,178050.0
1204,178050.0
1205,178050.0
1206,178050.0
1207,178050.0
1208,178050.0
1209,178050.0
1210,178050.0
1211,178050.0
1212,178050.0
1213,178050.0
1214,178050.0
1215,178050.0
1216,178050.0
1217,178050.0
1218,178050.0
1219,178050.0
1220,178050.0
1221,178050.0
1222,178050.0
1223,178050.0
1224,178050.0
1225,178050.0
1226,178050.0
1227,178050.0
1228,178050.0
1229,178050.0
1230,178050.0
1231,178050.0
1232,178050.0
1233,178050.0
1234,178050.0
1235,178050.0
1236,178050.0
1237,178050.0
1238,178050.0
1239,178050.0
1240,178050.0
1241,178050.0
1242,178050.0
1243,178050.0
1244,178050.0
1245,178050.0
1246,178050.0
1247,178050.0
1248,178050.0
1249,178050.0
1250,178050.0
1251,178050.0
1252,178050.0
1253,178050.0
1254,178050.0
1255,178050.0
1256,178050.0
1257,178050.0
1258,178050.0
1259,178050.0
1260,178050.0
1261,178050.0
1262,178050.0
1263,178050.0
1264,178050.0
1265,178050.0
1266,178050.0
1267,178050.0
1268,178050.0
1269,178050.0
1270,178050.0
1271,178050.0
1272,178050.0
1273,178050.0
1274,178050.0
1275,178050.0
1276,178050.0
1277,178050.0
1278,178050.0
1279,178050.0
1280,178050.0
1281,178050.0
1282,178050.0
1283,178050.0
1284,178050.0
1285,178050.0
1286,178050.0
1287,178050.0
1288,178050.0
1289,178050.0
1290,178050.0
1291,178050.0
1292,178050.0
1293,178050.0
1294,178050.0
1295,178050.0
1296,178050.0
1297,178050.0
1298,178050.0
1299,178050.0
1300,178050.0
1301,178050.0
1302,178050.0
1303,178050.0
1304,178050.0
1305,178050.0
1306,178050.0
1307,178050.0
1308,178050.0
1309,178050.0
1310,178050.0
1311,178050.0
1312,178050.0
1313,178050.0
1314,178050.0
1315,178050.0
1316,178050.0
1317,178050.0
1318,178050.0
1319,178050.0
1320,178050.0
1321,178050.0
1322,178050.0
1323,178050.0
1324,178050.0
1325,178050.0
1326,178050.0
1327,178050.0
1328,178050.0
1329,178050.0
1330,178050.0
1331,178050.0
1332,178050.0
1333,178050.0
1334,178050.0
1335,178050.0
1336,178050.0
1337,178050.0
1338,178050.0
1339,178050.0
1340,178050.0
1341,178050.0
1342,178050.0
1343,178050.0
1344,178050.0
1345,178050.0
1346,178050.0
1347,178050.0
1348,178050.0
1349,178050.0
1350,178050.0
1351,178050.0
1352,178050.0
1353,178050.0
1354,178050.0
1355,178050.0
1356,178050.0
1357,178050.0
1358,178050.0
1359,178050.0
1360,178050.0
1361,178050.0
1362,178050.0
1363,178050.0
1364,178050.0
1365,178050.0
1366,178050.0
1367,178050.0
1368,178050.0
1369,178050.0
1370,178050.0
1371,178050.0
1372,178050.0
1373,178050.0
1374,178050.0
1375,178050.0
1376,178050.0
1377,178050.0
1378,178050.0
1379,178050.0
1380,178050.0
1381,178050.0
1382,178050.0
1383,178050.0
1384,178050.0
1385,178050.0
1386,178050.0
1387,178050.0
1388,178050.0
1389,178050.0
1390,178050.0
1391,178050.0
1392,178050.0
1393,178050.0
1394,178050.0
1395,178050.0
1396,178050.0
1397,178050.0
1398,178050.0
1399,178050.0
1400,178050.0
1401,178050.0
1402,178050.0
1403,178050.0
1404,178050.0
1405,178050.0
1406,178050.0
1407,178050.0
1408,178050.0
1409,178050.0
1410,178050.0
1411,178050.0
1412,178050.0
1413,178050.0
1414,178050.0
1415,178050.0
1416,178050.0
1417,178050.0
1418,178050.0
1419,178050.0
1420,178050.0
1421,178050.0
1422,178050.0
1423,178050.0
1424,178050.0
1425,178050.0
1426,178050.0
1427,178050.0
1428,178050.0
1429,178050.0
1430,178050.0
1431,178050.0
1432,178050.0
1433,178050.0
1434,178050.0
1435,178050.0
1436,178050.0
1437,178050.0
1438,178050.0
1439,178050.0
1440,178050.0
1441,178050.0
1442,178050.0
1443,178050.0
1444,178050.0
1445,178050.0
1446,178050.0
1447,178050.0
1448,178050.0
1449,178050.0
1450,178050.0
1451,178050.0
1452,178050.0
1453,178050.0
1454,178050.0
1455,178050.0
1456,178050.0
1457,178050.0
1458,178050.0
1459,178050.0
1460,178050.0
1461,178050.0
1462,178050.0
1463,178050.0
1464,178050.0
1465,178050.0
1466,178050.0
1467,178050.0
1468,178050.0
1469,178050.0
1470,178050.0
1471,178050.0
1472,178050.0
1473,178050.0
1474,178050.0
1475,178050.0
1476,178050.0
1477,178050.0
1478,178050.0
1479,178050.0
1480,178050.0
1481,178050.0
1482,178050.0
1483,178050.0
1484,178050.0
1485,178050.0
1486,178050.0
1487,178050.0
1488,178050.0
1489,178050.0
1490,178050.0
1491,178050.0
1492,178050.0
1493,178050.0
1494,178050.0
1495,178050.0
1496,178050.0
1497,178050.0
1498,178050.0
1499,178050.0
1500,178050.0
1501,178050.0
1502,178050.0
1503,178050.0
1504,178050.0
1505,178050.0
1506,178050.0
1507,178050.0
1508,178050.0
1509,178050.0
1510,178050.0
1511,178050.0
1512,178050.0
1513,178050.0
1514,178050.0
1515,178050.0
1516,178050.0
1517,178050.0
1518,178050.0
1519,178050.0
1520,178050.0
1521,178050.0
1522,178050.0
1523,178050.0
1524,178050.0
1525,178050.0
1526,178050.0
1527,178050.0
1528,178050.0
1529,178050.0
1530,178050.0
1531,178050.0
1532,178050.0
1533,178050.0
1534,178050.0
1535,178050.0
1536,178050.0
1537,178050.0
1538,178050.0
1539,178050.0
1540,178050.0
1541,178050.0
1542,178050.0
1543,178050.0
1544,178050.0
1545,178050.0
1546,178050.0
1547,178050.0
1548,178050.0
1549,178050.0
1550,178050.0
1551,178050.0
1552,178050.0
1553,178050.0
1554,178050.0
1555,178050.0
1556,178050.0
1557,178050.0
1558,178050.0
1559,178050.0
1560,178050.0
1561,178050.0
1562,178050.0
1563,178050.0
1564,178050.0
1565,178050.0
1566,178050.0
1567,178050.0
1568,178050.0
1569,178050.0
1570,178050.0
1571,178050.0
1572,178050.0
1573,178050.0
1574,178050.0
1575,178050.0
1576,178050.0
1577,178050.0
1578,178050.0
1579,178050.0
1580,178050.0
1581,178050.0
1582,178050.0
1583,178050.0
1584,178050.0
1585,178050.0
1586,178050.0
1587,178050.0
1588,178050.0
1589,178050.0
1590,178050.0
1591,178050.0
1592,178050.0
1593,178050.0
1594,178050.0
1595,178050.0
1596,178050.0
1597,178050.0
1598,178050.0
1599,178050.0
1600,178050.0
1601,178050.0
1602,178050.0
1603,178050.0
1604,178050.0
1605,178050.0
1606,178050.0
1607,178050.0
1608,178050.0
1609,178050.0
1610,178050.0
1611,178050.0
1612,178050.0
1613,178050.0
1614,178050.0
1615,178050.0
1616,178050.0
1617,178050.0
1618,178050.0
1619,178050.0
1620,178050.0
1621,178050.0
1622,178050.0
1623,178050.0
1624,178050.0
1625,178050.0
1626,178050.0
1627,178050.0
1628,178050.0
1629,178050.0
1630,178050.0
1631,178050.0
1632,178050.0
1633,178050.0
1634,178050.0
1635,178050.0
1636,178050.0
1637,178050.0
1638,178050.0
1639,178050.0
1640,178050.0
1641,178050.0
1642,178050.0
1643,178050.0
1644,178050.0
1645,178050.0
1646,178050.0
1647,178050.0
1648,178050.0
1649,178050.0
1650,178050.0
1651,178050.0
1652,178050.0
1653,178050.0
1654,178050.0
1655,178050.0
1656,178050.0
1657,178050.0
1658,178050.0
1659,178050.0
1660,178050.0
1661,178050.0
1662,178050.0
1663,178050.0
1664,178050.0
1665,178050.0
1666,178050.0
1667,178050.0
1668,178050.0
1669,178050.0
1670,178050.0
1671,178050.0
1672,178050.0
1673,178050.0
1674,178050.0
1675,178050.0
1676,178050.0
1677,178050.0
1678,178050.0
1679,178050.0
1680,178050.0
1681,178050.0
1682,178050.0
1683,178050.0
1684,178050.0
1685,178050.0
1686,178050.0
1687,178050.0
1688,178050.0
1689,178050.0
1690,178050.0
1691,178050.0
1692,178050.0
1693,178050.0
1694,178050.0
1695,178050.0
1696,178050.0
1697,178050.0
1698,178050.0
1699,178050.0
1700,178050.0
1701,178050.0
1702,178050.0
1703,178050.0
1704,178050.0
1705,178050.0
1706,178050.0
1707,178050.0
1708,178050.0
1709,178050.0
1710,178050.0
1711,178050.0
1712,178050.0
1713,178050.0
1714,178050.0
1715,178050.0
1716,178050.0
1717,178050.0
1718,178050.0
1719,178050.0
1720,178050.0
1721,178050.0
1722,178050.0
1723,178050.0
1724,178050.0
1725,178050.0
1726,178050.0
1727,178050.0
1728,178050.0
1729,178050.0
1730,178050.0
1731,178050.0
1732,178050.0
1733,178050.0
1734,178050.0
1735,178050.0
1736,178050.0
1737,178050.0
1738,178050.0
1739,178050.0
1740,178050.0
1741,178050.0
1742,178050.0
1743,178050.0
1744,178050.0
1745,178050.0
1746,178050.0
1747,178050.0
1748,178050.0
1749,178050.0
1750,178050.0
1751,178050.0
1752,178050.0
1753,178050.0
1754,178050.0
1755,178050.0
1756,178050.0
1757,178050.0
1758,178050.0
1759,178050.0
1760,178050.0
1761,178050.0
1762,178050.0
1763,178050.0
1764,178050.0
1765,178050.0
1766,178050.0
1767,178050.0
1768,178050.0
1769,178050.0
1770,178050.0
1771,178050.0
1772,178050.0
1773,178050.0
1774,178050.0
1775,178050.0
1776,178050.0
1777,178050.0
1778,178050.0
1779,178050.0
1780,178050.0
1781,178050.0
1782,178050.0
1783,178050.0
1784,178050.0
1785,178050.0
1786,178050.0
1787,178050.0
1788,178050.0
1789,178050.0
1790,178050.0
1791,178050.0
1792,178050.0
1793,178050.0
1794,178050.0
1795,178050.0
1796,178050.0
1797,178050.0
1798,178050.0
1799,178050.0
1800,178050.0
1801,178050.0
1802,178050.0
1803,178050.0
1804,178050.0
1805,178050.0
1806,178050.0
1807,178050.0
1808,178050.0
1809,178050.0
1810,178050.0
1811,178050.0
1812,178050.0
1813,178050.0
1814,178050.0
1815,178050.0
1816,178050.0
1817,178050.0
1818,178050.0
1819,178050.0
1820,178050.0
1821,178050.0
1822,178050.0
1823,178050.0
1824,178050.0
1825,178050.0
1826,178050.0
1827,178050.0
1828,178050.0
1829,178050.0
1830,178050.0
1831,178050.0
1832,178050.0
1833,178050.0
1834,178050.0
1835,178050.0
1836,178050.0
1837,178050.0
1838,178050.0
1839,178050.0
1840,178050.0
1841,178050.0
1842,178050.0
1843,178050.0
1844,178050.0
1845,178050.0
1846,178050.0
1847,178050.0
1848,178050.0
1849,178050.0
1850,178050.0
1851,178050.0
1852,178050.0
1853,178050.0
1854,178050.0
1855,178050.0
1856,178050.0
1857,178050.0
1858,178050.0
1859,178050.0
1860,178050.0
1861,178050.0
1862,178050.0
1863,178050.0
1864,178050.0
1865,178050.0
1866,178050.0
1867,178050.0
1868,178050.0
1869,178050.0
1870,178050.0
1871,178050.0
1872,178050.0
1873,178050.0
1874,178050.0
1875,178050.0
1876,178050.0
1877,178050.0
1878,178050.0
1879,178050.0
1880,178050.0
1881,178050.0
1882,178050.0
1883,178050.0
1884,178050.0
1885,178050.0
1886,178050.0
1887,178050.0
1888,178050.0
1889,178050.0
1890,178050.0
1891,178050.0
1892,178050.0
1893,178050.0
1894,178050.0
1895,178050.0
1896,178050.0
1897,178050.0
1898,178050.0
1899,178050.0
1900,178050.0
1901,178050.0
1902,178050.0
1903,178050.0
1904,178050.0
1905,178050.0
1906,178050.0
1907,178050.0
1908,178050.0
1909,178050.0
1910,178050.0
1911,178050.0
1912,178050.0
1913,178050.0
1914,178050.0
1915,178050.0
1916,178050.0
1917,178050.0
1918,178050.0
1919,178050.0
1920,178050.0
1921,178050.0
1922,178050.0
1923,178050.0
1924,178050.0
1925,178050.0
1926,178050.0
1927,178050.0
1928,178050.0
1929,178050.0
1930,178050.0
1931,178050.0
1932,178050.0
1933,178050.0
1934,178050.0
1935,178050.0
1936,178050.0
1937,178050.0
1938,178050.0
1939,178050.0
1940,178050.0
1941,178050.0
1942,178050.0
1943,178050.0
1944,178050.0
1945,178050.0
1946,178050.0
1947,178050.0
1948,178050.0
1949,178050.0
1950,178050.0
1951,178050.0
1952,178050.0
1953,178050.0
1954,178050.0
1955,178050.0
1956,178050.0
1957,178050.0
1958,178050.0
1959,178050.0
1960,178050.0
1961,178050.0
1962,178050.0
1963,178050.0
1964,178050.0
1965,178050.0
1966,178050.0
1967,178050.0
1968,178050.0
1969,178050.0
1970,178050.0
1971,178050.0
1972,178050.0
1973,178050.0
1974,178050.0
1975,178050.0
1976,178050.0
1977,178050.0
1978,178050.0
1979,178050.0
1980,178050.0
1981,178050.0
1982,178050.0
1983,178050.0
1984,178050.0
1985,178050.0
1986,178050.0
1987,178050.0
1988,178050.0
1989,178050.0
1990,178050.0
1991,178050.0
1992,178050.0
1993,178050.0
1994,178050.0
1995,178050.0
1996,178050.0
1997,178050.0
1998,178050.0
1999,178050.0
2000,178050.0
2001,178050.0
2002,178050.0
2003,178050.0
2004,178050.0
2005,178050.0
2006,178050.0
2007,178050.0
2008,178050.0
2009,178050.0
2010,178050.0
2011,178050.0
2012,178050.0
2013,178050.0
2014,178050.0
2015,178050.0
2016,178050.0
2017,178050.0
2018,178050.0
2019,178050.0
2020,178050.0
2021,178050.0
2022,178050.0
2023,178050.0
2024,178050.0
2025,178050.0
2026,178050.0
2027,178050.0
2028,178050.0
2029,178050.0
2030,178050.0
2031,178050.0
2032,178050.0
2033,178050.0
2034,178050.0
2035,178050.0
2036,178050.0
2037,178050.0
2038,178050.0
2039,178050.0
2040,178050.0
2041,178050.0
2042,178050.0
2043,178050.0
2044,178050.0
2045,178050.0
2046,178050.0
2047,178050.0
2048,178050.0
2049,178050.0
2050,178050.0
2051,178050.0
2052,178050.0
2053,178050.0
2054,178050.0
2055,178050.0
2056,178050.0
2057,178050.0
2058,178050.0
2059,178050.0
2060,178050.0
2061,178050.0
2062,178050.0
2063,178050.0
2064,178050.0
2065,178050.0
2066,178050.0
2067,178050.0
2068,178050.0
2069,178050.0
2070,178050.0
2071,178050.0
2072,178050.0
2073,178050.0
2074,178050.0
2075,178050.0
2076,178050.0
2077,178050.0
2078,178050.0
2079,178050.0
2080,178050.0
2081,178050.0
2082,178050.0
2083,178050.0
2084,178050.0
2085,178050.0
2086,178050.0
2087,178050.0
2088,178050.0
2089,178050.0
2090,178050.0
2091,178050.0
2092,178050.0
2093,178050.0
2094,178050.0
2095,178050.0
2096,178050.0
2097,178050.0
2098,178050.0
2099,178050.0
2100,178050.0
2101,178050.0
2102,178050.0
2103,178050.0
2104,178050.0
2105,178050.0
2106,178050.0
2107,178050.0
2108,178050.0
2109,178050.0
2110,178050.0
2111,178050.0
2112,178050.0
2113,178050.0
2114,178050.0
2115,178050.0
2116,178050.0
2117,178050.0
2118,178050.0
2119,178050.0
2120,178050.0
2121,178050.0
2122,178050.0
2123,178050.0
2124,178050.0
2125,178050.0
2126,178050.0
2127,178050.0
2128,178050.0
2129,178050.0
2130,178050.0
2131,178050.0
2132,178050.0
2133,178050.0
2134,178050.0
2135,178050.0
2136,178050.0
2137,178050.0
2138,178050.0
2139,178050.0
2140,178050.0
2141,178050.0
2142,178050.0
2143,178050.0
2144,178050.0
2145,178050.0
2146,178050.0
2147,178050.0
2148,178050.0
2149,178050.0
2150,178050.0
2151,178050.0
2152,178050.0
2153,178050.0
2154,178050.0
2155,178050.0
2156,178050.0
2157,178050.0
2158,178050.0
2159,178050.0
2160,178050.0
2161,178050.0
2162,178050.0
2163,178050.0
2164,178050.0
2165,178050.0
2166,178050.0
2167,178050.0
2168,178050.0
2169,178050.0
2170,178050.0
2171,178050.0
2172,178050.0
2173,178050.0
2174,178050.0
2175,178050.0
2176,178050.0
2177,178050.0
2178,178050.0
2179,178050.0
2180,178050.0
2181,178050.0
2182,178050.0
2183,178050.0
2184,178050.0
2185,178050.0
2186,178050.0
2187,178050.0
2188,178050.0
2189,178050.0
2190,178050.0
2191,178050.0
2192,178050.0
2193,178050.0
2194,178050.0
2195,178050.0
2196,178050.0
2197,178050.0
2198,178050.0
2199,178050.0
2200,178050.0
2201,178050.0
2202,178050.0
2203,178050.0
2204,178050.0
2205,178050.0
2206,178050.0
2207,178050.0
2208,178050.0
2209,178050.0
2210,178050.0
2211,178050.0
2212,178050.0
2213,178050.0
2214,178050.0
2215,178050.0
2216,178050.0
2217,178050.0
2218,178050.0
2219,178050.0
2220,178050.0
2221,178050.0
2222,178050.0
2223,178050.0
2224,178050.0
2225,178050.0
2226,178050.0
2227,178050.0
2228,178050.0
2229,178050.0
2230,178050.0
2231,178050.0
2232,178050.0
2233,178050.0
2234,178050.0
2235,178050.0
2236,178050.0
2237,178050.0
2238,178050.0
2239,178050.0
2240,178050.0
2241,178050.0
2242,178050.0
2243,178050.0
2244,178050.0
2245,178050.0
2246,178050.0
2247,178050.0
2248,178050.0
2249,178050.0
2250,178050.0
2251,178050.0
2252,178050.0
2253,178050.0
2254,178050.0
2255,178050.0
2256,178050.0
2257,178050.0
2258,178050.0
2259,178050.0
2260,178050.0
2261,178050.0
2262,178050.0
2263,178050.0
2264,178050.0
2265,178050.0
2266,178050.0
2267,178050.0
2268,178050.0
2269,178050.0
2270,178050.0
2271,178050.0
2272,178050.0
2273,178050.0
2274,178050.0
2275,178050.0
2276,178050.0
2277,178050.0
2278,178050.0
2279,178050.0
2280,178050.0
2281,178050.0
2282,178050.0
2283,178050.0
2284,178050.0
2285,178050.0
2286,178050.0
2287,178050.0
2288,178050.0
2289,178050.0
2290,178050.0
2291,178050.0
2292,178050.0
2293,178050.0
2294,178050.0
2295,178050.0
2296,178050.0
2297,178050.0
2298,178050.0
2299,178050.0
2300,178050.0
2301,178050.0
2302,178050.0
2303,178050.0
2304,178050.0
2305,178050.0
2306,178050.0
2307,178050.0
2308,178050.0
2309,178050.0
2310,178050.0
2311,178050.0
2312,178050.0
2313,178050.0
2314,178050.0
2315,178050.0
2316,178050.0
2317,178050.0
2318,178050.0
2319,178050.0
2320,178050.0
2321,178050.0
2322,178050.0
2323,178050.0
2324,178050.0
2325,178050.0
2326,178050.0
2327,178050.0
2328,178050.0
2329,178050.0
2330,178050.0
2331,178050.0
2332,178050.0
2333,178050.0
2334,178050.0
2335,178050.0
2336,178050.0
2337,178050.0
2338,178050.0
2339,178050.0
2340,178050.0
2341,178050.0
2342,178050.0
2343,178050.0
2344,178050.0
2345,178050.0
2346,178050.0
2347,178050.0
2348,178050.0
2349,178050.0
2350,178050.0
2351,178050.0
2352,178050.0
2353,178050.0
2354,178050.0
2355,178050.0
2356,178050.0
2357,178050.0
2358,178050.0
2359,178050.0
2360,178050.0
2361,178050.0
2362,178050.0
2363,178050.0
2364,178050.0
2365,178050.0
2366,178050.0
2367,178050.0
2368,178050.0
2369,178050.0
2370,178050.0
2371,178050.0
2372,178050.0
2373,178050.0
2374,178050.0
2375,178050.0
2376,178050.0
2377,178050.0
2378,178050.0
2379,178050.0
2380,178050.0
2381,178050.0
2382,178050.0
2383,178050.0
2384,178050.0
2385,178050.0
2386,178050.0
2387,178050.0
2388,178050.0
2389,178050.0
2390,178050.0
2391,178050.0
2392,178050.0
2393,178050.0
2394,178050.0
2395,178050.0
2396,178050.0
2397,178050.0
2398,178050.0
2399,178050.0
2400,178050.0
2401,178050.0
2402,178050.0
2403,178050.0
2404,178050.0
2405,178050.0
2406,178050.0
2407,178050.0
2408,178050.0
2409,178050.0
2410,178050.0
2411,178050.0
2412,178050.0
2413,178050.0
2414,178050.0
2415,178050.0
2416,178050.0
2417,178050.0
2418,178050.0
2419,178050.0
2420,178050.0
2421,178050.0
2422,178050.0
2423,178050.0
2424,178050.0
2425,178050.0
2426,178050.0
2427,178050.0
2428,178050.0
2429,178050.0
2430,178050.0
2431,178050.0
2432,178050.0
2433,178050.0
2434,178050.0
2435,178050.0
2436,178050.0
2437,178050.0
2438,178050.0
2439,178050.0
2440,178050.0
2441,178050.0
2442,178050.0
2443,178050.0
2444,178050.0
2445,178050.0
2446,178050.0
2447,178050.0
2448,178050.0
2449,178050.0
2450,178050.0
2451,178050.0
2452,178050.0
2453,178050.0
2454,178050.0
2455,178050.0
2456,178050.0
2457,178050.0
2458,178050.0
2459,178050.0
2460,178050.0
2461,178050.0
2462,178050.0
2463,178050.0
2464,178050.0
2465,178050.0
2466,178050.0
2467,178050.0
2468,178050.0
2469,178050.0
2470,178050.0
2471,178050.0
2472,178050.0
2473,178050.0
2474,178050.0
2475,178050.0
2476,178050.0
2477,178050.0
2478,178050.0
2479,178050.0
2480,178050.0
2481,178050.0
2482,178050.0
2483,178050.0
2484,178050.0
2485,178050.0
2486,178050.0
2487,178050.0
2488,178050.0
2489,178050.0
2490,178050.0
2491,178050.0
2492,178050.0
2493,178050.0
2494,178050.0
2495,178050.0
2496,178050.0
2497,178050.0
2498,178050.0
2499,178050.0
2500,178050.0
2501,178050.0
2502,178050.0
2503,178050.0
2504,178050.0
2505,178050.0
2506,178050.0
2507,178050.0
2508,178050.0
2509,178050.0
2510,178050.0
2511,178050.0
2512,178050.0
2513,178050.0
2514,178050.0
2515,178050.0
2516,178050.0
2517,178050.0
2518,178050.0
2519,178050.0
2520,178050.0
2521,178050.0
2522,178050.0
2523,178050.0
2524,178050.0
2525,178050.0
2526,178050.0
2527,178050.0
2528,178050.0
2529,178050.0
2530,178050.0
2531,178050.0
2532,178050.0
2533,178050.0
2534,178050.0
2535,178050.0
2536,178050.0
2537,178050.0
2538,178050.0
2539,178050.0
2540,178050.0
2541,178050.0
2542,178050.0
2543,178050.0
2544,178050.0
2545,178050.0
2546,178050.0
2547,178050.0
2548,178050.0
2549,178050.0
2550,178050.0
2551,178050.0
2552,178050.0
2553,178050.0
2554,178050.0
2555,178050.0
2556,178050.0
2557,178050.0
2558,178050.0
2559,178050.0
2560,178050.0
2561,178050.0
2562,178050.0
2563,178050.0
2564,178050.0
2565,178050.0
2566,178050.0
2567,178050.0
2568,178050.0
2569,178050.0
2570,178050.0
2571,178050.0
2572,178050.0
2573,178050.0
2574,178050.0
2575,178050.0
2576,178050.0
2577,178050.0
2578,178050.0
2579,178050.0
2580,178050.0
2581,178050.0
2582,178050.0
2583,178050.0
2584,178050.0
2585,178050.0
2586,178050.0
2587,178050.0
2588,178050.0
2589,178050.0
2590,178050.0
2591,178050.0
2592,178050.0
2593,178050.0
2594,178050.0
2595,178050.0
2596,178050.0
2597,178050.0
2598,178050.0
2599,178050.0
2600,178050.0
2601,178050.0
2602,178050.0
2603,178050.0
2604,178050.0
2605,178050.0
2606,178050.0
2607,178050.0
2608,178050.0
2609,178050.0
2610,178050.0
2611,178050.0
2612,178050.0
2613,178050.0
2614,178050.0
2615,178050.0
2616,178050.0
2617,178050.0
2618,178050.0
2619,178050.0
2620,178050.0
2621,178050.0
2622,178050.0
2623,178050.0
2624,178050.0
2625,178050.0
2626,178050.0
2627,178050.0
2628,178050.0
2629,178050.0
2630,178050.0
2631,178050.0
2632,178050.0
2633,178050.0
2634,178050.0
2635,178050.0
2636,178050.0
2637,178050.0
2638,178050.0
2639,178050.0
2640,178050.0
2641,178050.0
2642,178050.0
2643,178050.0
2644,178050.0
2645,178050.0
2646,178050.0
2647,178050.0
2648,178050.0
2649,178050.0
2650,178050.0
2651,178050.0
2652,178050.0
2653,178050.0
2654,178050.0
2655,178050.0
2656,178050.0
2657,178050.0
2658,178050.0
2659,178050.0
2660,178050.0
2661,178050.0
2662,178050.0
2663,178050.0
2664,178050.0
2665,178050.0
2666,178050.0
2667,178050.0
2668,178050.0
2669,178050.0
2670,178050.0
2671,178050.0
2672,178050.0
2673,178050.0
2674,178050.0
2675,178050.0
2676,178050.0
2677,178050.0
2678,178050.0
2679,178050.0
2680,178050.0
2681,178050.0
2682,178050.0
2683,178050.0
2684,178050.0
2685,178050.0
2686,178050.0
2687,178050.0
2688,178050.0
2689,178050.0
2690,178050.0
2691,178050.0
2692,178050.0
2693,178050.0
2694,178050.0
2695,178050.0
2696,178050.0
2697,178050.0
2698,178050.0
2699,178050.0
2700,178050.0
2701,178050.0
2702,178050.0
2703,178050.0
2704,178050.0
2705,178050.0
2706,178050.0
2707,178050.0
2708,178050.0
2709,178050.0
2710,178050.0
2711,178050.0
2712,178050.0
2713,178050.0
2714,178050.0
2715,178050.0
2716,178050.0
2717,178050.0
2718,178050.0
2719,178050.0
2720,178050.0
2721,178050.0
2722,178050.0
2723,178050.0
2724,178050.0
2725,178050.0
2726,178050.0
2727,178050.0
2728,178050.0
2729,178050.0
2730,178050.0
2731,178050.0
2732,178050.0
2733,178050.0
2734,178050.0
2735,178050.0
2736,178050.0
2737,178050.0
2738,178050.0
2739,178050.0
2740,178050.0
2741,178050.0
2742,178050.0
2743,178050.0
2744,178050.0
2745,178050.0
2746,178050.0
2747,178050.0
2748,178050.0
2749,178050.0
2750,178050.0
2751,178050.0
2752,178050.0
2753,178050.0
2754,178050.0
2755,178050.0
2756,178050.0
2757,178050.0
2758,178050.0
2759,178050.0
2760,178050.0
2761,178050.0
2762,178050.0
2763,178050.0
2764,178050.0
2765,178050.0
2766,178050.0
2767,178050.0
2768,178050.0
2769,178050.0
2770,178050.0
2771,178050.0
2772,178050.0
2773,178050.0
2774,178050.0
2775,178050.0
2776,178050.0
2777,178050.0
2778,178050.0
2779,178050.0
2780,178050.0
2781,178050.0
2782,178050.0
2783,178050.0
2784,178050.0
2785,178050.0
2786,178050.0
2787,178050.0
2788,178050.0
2789,178050.0
2790,178050.0
2791,178050.0
2792,178050.0
2793,178050.0
2794,178050.0
2795,178050.0
2796,178050.0
2797,178050.0
2798,178050.0
2799,178050.0
2800,178050.0
2801,178050.0
2802,178050.0
2803,178050.0
2804,178050.0
2805,178050.0
2806,178050.0
2807,178050.0
2808,178050.0
2809,178050.0
2810,178050.0
2811,178050.0
2812,178050.0
2813,178050.0
2814,178050.0
2815,178050.0
2816,178050.0
2817,178050.0
2818,178050.0
2819,178050.0
2820,178050.0
2821,178050.0
2822,178050.0
2823,178050.0
2824,178050.0
2825,178050.0
2826,178050.0
2827,178050.0
2828,178050.0
2829,178050.0
2830,178050.0
2831,178050.0
2832,178050.0
2833,178050.0
2834,178050.0
2835,178050.0
2836,178050.0
2837,178050.0
2838,178050.0
2839,178050.0
2840,178050.0
2841,178050.0
2842,178050.0
2843,178050.0
2844,178050.0
2845,178050.0
2846,178050.0
2847,178050.0
2848,178050.0
2849,178050.0
2850,178050.0
2851,178050.0
2852,178050.0
2853,178050.0
2854,178050.0
2855,178050.0
2856,178050.0
2857,178050.0
2858,178050.0
2859,178050.0
2860,178050.0
2861,178050.0
2862,178050.0
2863,178050.0
2864,178050.0
2865,178050.0
2866,178050.0
2867,178050.0
2868,178050.0
2869,178050.0
2870,178050.0
2871,178050.0
2872,178050.0
2873,178050.0
2874,178050.0
2875,178050.0
2876,178050.0
2877,178050.0
2878,178050.0
2879,178050.0
2880,178050.0
2881,178050.0
2882,178050.0
2883,178050.0
2884,178050.0
2885,178050.0
2886,178050.0
2887,178050.0
2888,178050.0
2889,178050.0
2890,178050.0
2891,178050.0
2892,178050.0
2893,178050.0
2894,178050.0
2895,178050.0
2896,178050.0
2897,178050.0
2898,178050.0
2899,178050.0
2900,178050.0
2901,178050.0
2902,178050.0
2903,178050.0
2904,178050.0
2905,178050.0
2906,178050.0
2907,178050.0
2908,178050.0
2909,178050.0
2910,178050.0
2911,178050.0
2912,178050.0
2913,178050.0
2914,178050.0
2915,178050.0
2916,178050.0
2917,178050.0
2918,178050.0
2919,178050.0
2920,178050.0
2921,178050.0
2922,178050.0
2923,178050.0
2924,178050.0
2925,178050.0
2926,178050.0
2927,178050.0
2928,178050.0
2929,178050.0
2930,178050.0
2931,178050.0
2932,178050.0
2933,178050.0
2934,178050.0
2935,178050.0
2936,178050.0
2937,178050.0
2938,178050.0
2939,178050.0
2940,178050.0
2941,178050.0
2942,178050.0
2943,178050.0
2944,178050.0
2945,178050.0
2946,178050.0
2947,178050.0
2948,178050.0
2949,178050.0
2950,178050.0
2951,178050.0
2952,178050.0
2953,178050.0
2954,178050.0
2955,178050.0
2956,178050.0
2957,178050.0
2958,178050.0
2959,178050.0
2960,178050.0
2961,178050.0
2962,178050.0
2963,178050.0
2964,178050.0
2965,178050.0
2966,178050.0
2967,178050.0
2968,178050.0
2969,178050.0
2970,178050.0
2971,178050.0
2972,178050.0
2973,178050.0
2974,178050.0
2975,178050.0
2976,178050.0
2977,178050.0
2978,178050.0
2979,178050.0
2980,178050.0
2981,178050.0
2982,178050.0
2983,178050.0
2984,178050.0
2985,178050.0
2986,178050.0
2987,178050.0
2988,178050.0
2989,178050.0
2990,178050.0
2991,178050.0
2992,178050.0
2993,178050.0
2994,178050.0
2995,178050.0
2996,178050.0
2997,178050.0
2998,178050.0
2999,178050.0
3000,178050.0
3001,178050.0
3002,178050.0
3003,178050.0
3004,178050.0
3005,178050.0
3006,178050.0
3007,178050.0
3008,178050.0
3009,178050.0
3010,178050.0
3011,178050.0
3012,178050.0
3013,178050.0
3014,178050.0
3015,178050.0
3016,178050.0
3017,178050.0
3018,178050.0
3019,178050.0
3020,178050.0
3021,178050.0
3022,178050.0
3023,178050.0
3024,178050.0
3025,178050.0
3026,178050.0
3027,178050.0
3028,178050.0
3029,178050.0
3030,178050.0
3031,178050.0
3032,178050.0
3033,178050.0
3034,178050.0
3035,178050.0
3036,178050.0
3037,178050.0
3038,178050.0
3039,178050.0
3040,178050.0
3041,178050.0
3042,178050.0
3043,178050.0
3044,178050.0
3045,178050.0
3046,178050.0
3047,178050.0
3048,178050.0
3049,178050.0
3050,178050.0
3051,178050.0
3052,178050.0
3053,178050.0
3054,178050.0
3055,178050.0
3056,178050.0
3057,178050.0
3058,178050.0
3059,178050.0
3060,178050.0
3061,178050.0
3062,178050.0
3063,178050.0
3064,178050.0
3065,178050.0
3066,178050.0
3067,178050.0
3068,178050.0
3069,178050.0
3070,178050.0
3071,178050.0
3072,178050.0
3073,178050.0
3074,178050.0
3075,178050.0
3076,178050.0
3077,178050.0
3078,178050.0
3079,178050.0
3080,178050.0
3081,178050.0
3082,178050.0
3083,178050.0
3084,178050.0
3085,178050.0
3086,178050.0
3087,178050.0
3088,178050.0
3089,178050.0
3090,178050.0
3091,178050.0
3092,178050.0
3093,178050.0
3094,178050.0
3095,178050.0
3096,178050.0
3097,178050.0
3098,178050.0
3099,178050.0
3100,178050.0
3101,178050.0
3102,178050.0
3103,178050.0
3104,178050.0
3105,178050.0
3106,178050.0
3107,178050.0
3108,178050.0
3109,178050.0
3110,178050.0
3111,178050.0
3112,178050.0
3113,178050.0
3114,178050.0
3115,178050.0
3116,178050.0
3117,178050.0
3118,178050.0
3119,178050.0
3120,178050.0
3121,178050.0
3122,178050.0
3123,178050.0
3124,178050.0
3125,178050.0
3126,178050.0
3127,178050.0
3128,178050.0
3129,178050.0
3130,178050.0
3131,178050.0
3132,178050.0
3133,178050.0
3134,178050.0
3135,178050.0
3136,178050.0
3137,178050.0
3138,178050.0
3139,178050.0
3140,178050.0
3141,178050.0
3142,178050.0
3143,178050.0
3144,178050.0
3145,178050.0
3146,178050.0
3147,178050.0
3148,178050.0
3149,178050.0
3150,178050.0
3151,178050.0
3152,178050.0
3153,178050.0
3154,178050.0
3155,178050.0
3156,178050.0
3157,178050.0
3158,178050.0
3159,178050.0
3160,178050.0
3161,178050.0
3162,178050.0
3163,178050.0
3164,178050.0
3165,178050.0
3166,178050.0
3167,178050.0
3168,178050.0
3169,178050.0
3170,178050.0
3171,178050.0
3172,178050.0
3173,178050.0
3174,178050.0
3175,178050.0
3176,178050.0
3177,178050.0
3178,178050.0
3179,178050.0
3180,178050.0
3181,178050.0
3182,178050.0
3183,178050.0
3184,178050.0
3185,178050.0
3186,178050.0
3187,178050.0
3188,178050.0
3189,178050.0
3190,178050.0
3191,178050.0
3192,178050.0
3193,178050.0
3194,178050.0
3195,178050.0
3196,178050.0
3197,178050.0
3198,178050.0
3199,178050.0
3200,178050.0
3201,178050.0
3202,178050.0
3203,178050.0
3204,178050.0
3205,178050.0
3206,178050.0
3207,178050.0
3208,178050.0
3209,178050.0
3210,178050.0
3211,178050.0
3212,178050.0
3213,178050.0
3214,178050.0
3215,178050.0
3216,178050.0
3217,178050.0
3218,178050.0
3219,178050.0
3220,178050.0
3221,178050.0
3222,178050.0
3223,178050.0
3224,178050.0
3225,178050.0
3226,178050.0
3227,178050.0
3228,178050.0
3229,178050.0
3230,178050.0
3231,178050.0
3232,178050.0
3233,178050.0
3234,178050.0
3235,178050.0
3236,178050.0
3237,178050.0
3238,178050.0
3239,178050.0
3240,178050.0
3241,178050.0
3242,178050.0
3243,178050.0
3244,178050.0
3245,178050.0
3246,178050.0
3247,178050.0
3248,178050.0
3249,178050.0
3250,178050.0
3251,178050.0
3252,178050.0
3253,178050.0
3254,178050.0
3255,178050.0
3256,178050.0
3257,178050.0
3258,178050.0
3259,178050.0
3260,178050.0
3261,178050.0
3262,178050.0
3263,178050.0
3264,178050.0
3265,178050.0
3266,178050.0
3267,178050.0
3268,178050.0
3269,178050.0
3270,178050.0
3271,178050.0
3272,178050.0
3273,178050.0
3274,178050.0
3275,178050.0
3276,178050.0
3277,178050.0
3278,178050.0
3279,178050.0
3280,178050.0
3281,178050.0
3282,178050.0
3283,178050.0
3284,178050.0
3285,178050.0
3286,178050.0
3287,178050.0
3288,178050.0
3289,178050.0
3290,178050.0
3291,178050.0
3292,178050.0
3293,178050.0
3294,178050.0
3295,178050.0
3296,178050.0
3297,178050.0
3298,178050.0
3299,178050.0
3300,178050.0
3301,178050.0
3302,178050.0
3303,178050.0
3304,178050.0
3305,178050.0
3306,178050.0
3307,178050.0
3308,178050.0
3309,178050.0
3310,178050.0
3311,178050.0
3312,178050.0
3313,178050.0
3314,178050.0
3315,178050.0
3316,178050.0
3317,178050.0
3318,178050.0
3319,178050.0
3320,178050.0
3321,178050.0
3322,178050.0
3323,178050.0
3324,178050.0
3325,178050.0
3326,178050.0
3327,178050.0
3328,178050.0
3329,178050.0
3330,178050.0
3331,178050.0
3332,178050.0
3333,178050.0
3334,178050.0
3335,178050.0
3336,178050.0
3337,178050.0
3338,178050.0
3339,178050.0
3340,178050.0
3341,178050.0
3342,178050.0
3343,178050.0
3344,178050.0
3345,178050.0
3346,178050.0
3347,178050.0
3348,178050.0
3349,178050.0
3350,178050.0
3351,178050.0
3352,178050.0
3353,178050.0
3354,178050.0
3355,178050.0
3356,178050.0
3357,178050.0
3358,178050.0
3359,178050.0
3360,178050.0
3361,178050.0
3362,178050.0
3363,178050.0
3364,178050.0
3365,178050.0
3366,178050.0
3367,178050.0
3368,178050.0
3369,178050.0
3370,178050.0
3371,178050.0
3372,178050.0
3373,178050.0
3374,178050.0
3375,178050.0
3376,178050.0
3377,178050.0
3378,178050.0
3379,178050.0
3380,178050.0
3381,178050.0
3382,178050.0
3383,178050.0
3384,178050.0
3385,178050.0
3386,178050.0
3387,178050.0
3388,178050.0
3389,178050.0
3390,178050.0
3391,178050.0
3392,178050.0
3393,178050.0
3394,178050.0
3395,178050.0
3396,178050.0
3397,178050.0
3398,178050.0
3399,178050.0
3400,178050.0
3401,178050.0
3402,178050.0
3403,178050.0
3404,178050.0
3405,178050.0
3406,178050.0
3407,178050.0
3408,178050.0
3409,178050.0
3410,178050.0
3411,178050.0
3412,178050.0
3413,178050.0
3414,178050.0
3415,178050.0
3416,178050.0
3417,178050.0
3418,178050.0
3419,178050.0
3420,178050.0
3421,178050.0
3422,178050.0
3423,178050.0
3424,178050.0
3425,178050.0
3426,178050.0
3427,178050.0
3428,178050.0
3429,178050.0
3430,178050.0
3431,178050.0
3432,178050.0
3433,178050.0
3434,178050.0
3435,178050.0
3436,178050.0
3437,178050.0
3438,178050.0
3439,178050.0
3440,178050.0
3441,178050.0
3442,178050.0
3443,178050.0
3444,178050.0
3445,178050.0
3446,178050.0
3447,178050.0
3448,178050.0
3449,178050.0
3450,178050.0
3451,178050.0
3452,178050.0
3453,178050.0
3454,178050.0
3455,178050.0
3456,178050.0
3457,178050.0
3458,178050.0
3459,178050.0
3460,178050.0
3461,178050.0
3462,178050.0
3463,178050.0
3464,178050.0
3465,178050.0
3466,178050.0
3467,178050.0
3468,178050.0
3469,178050.0
3470,178050.0
3471,178050.0
3472,178050.0
3473,178050.0
3474,178050.0
3475,178050.0
3476,178050.0
3477,178050.0
3478,178050.0
3479,178050.0
3480,178050.0
3481,178050.0
3482,178050.0
3483,178050.0
3484,178050.0
3485,178050.0
3486,178050.0
3487,178050.0
3488,178050.0
3489,178050.0
3490,178050.0
3491,178050.0
3492,178050.0
3493,178050.0
3494,178050.0
3495,178050.0
3496,178050.0
3497,178050.0
3498,178050.0
3499,178050.0
3500,178050.0
3501,178050.0
3502,178050.0
3503,178050.0
3504,178050.0
3505,178050.0
3506,178050.0
3507,178050.0
3508,178050.0
3509,178050.0
3510,178050.0
3511,178050.0
3512,178050.0
3513,178050.0
3514,178050.0
3515,178050.0
3516,178050.0
3517,178050.0
3518,178050.0
3519,178050.0
3520,178050.0
3521,178050.0
3522,178050.0
3523,178050.0
3524,178050.0
3525,178050.0
3526,178050.0
3527,178050.0
3528,178050.0
3529,178050.0
3530,178050.0
3531,178050.0
3532,178050.0
3533,178050.0
3534,178050.0
3535,178050.0
3536,178050.0
3537,178050.0
3538,178050.0
3539,178050.0
3540,178050.0
3541,178050.0
3542,178050.0
3543,178050.0
3544,178050.0
3545,178050.0
3546,178050.0
3547,178050.0
3548,178050.0
3549,178050.0
3550,178050.0
3551,178050.0
3552,178050.0
3553,178050.0
3554,178050.0
3555,178050.0
3556,178050.0
3557,178050.0
3558,178050.0
3559,178050.0
3560,178050.0
3561,178050.0
3562,178050.0
3563,178050.0
3564,178050.0
3565,178050.0
3566,178050.0
3567,178050.0
3568,178050.0
3569,178050.0
3570,178050.0
3571,178050.0
3572,178050.0
3573,178050.0
3574,178050.0
3575,178050.0
3576,178050.0
3577,178050.0
3578,178050.0
3579,178050.0
3580,178050.0
3581,178050.0
3582,178050.0
3583,178050.0
3584,178050.0
3585,178050.0
3586,178050.0
3587,178050.0
3588,178050.0
3589,178050.0
3590,178050.0
3591,178050.0
3592,178050.0
3593,178050.0
3594,178050.0
3595,178050.0
3596,178050.0
3597,178050.0
3598,178050.0
3599,178050.0
3600,178050.0
3601,178050.0
3602,178050.0
3603,178050.0
3604,178050.0
3605,178050.0
3606,178050.0
3607,178050.0
3608,178050.0
3609,178050.0
3610,178050.0
3611,178050.0
3612,178050.0
3613,178050.0
3614,178050.0
3615,178050.0
3616,178050.0
3617,178050.0
3618,178050.0
3619,178050.0
3620,178050.0
3621,178050.0
3622,178050.0
3623,178050.0
3624,178050.0
3625,178050.0
3626,178050.0
3627,178050.0
3628,178050.0
3629,178050.0
3630,178050.0
3631,178050.0
3632,178050.0
3633,178050.0
3634,178050.0
3635,178050.0
3636,178050.0
3637,178050.0
3638,178050.0
3639,178050.0
3640,178050.0
3641,178050.0
3642,178050.0
3643,178050.0
3644,178050.0
3645,178050.0
3646,178050.0
3647,178050.0
3648,178050.0
3649,178050.0
3650,178050.0
3651,178050.0
3652,178050.0
3653,178050.0
3654,178050.0
3655,178050.0
3656,178050.0
3657,178050.0
3658,178050.0
3659,178050.0
3660,178050.0
3661,178050.0
3662,178050.0
3663,178050.0
3664,178050.0
3665,178050.0
3666,178050.0
3667,178050.0
3668,178050.0
3669,178050.0
3670,178050.0
3671,178050.0
3672,178050.0
3673,178050.0
3674,178050.0
3675,178050.0
3676,178050.0
3677,178050.0
3678,178050.0
3679,178050.0
3680,178050.0
3681,178050.0
3682,178050.0
3683,178050.0
3684,178050.0
3685,178050.0
3686,178050.0
3687,178050.0
3688,178050.0
3689,178050.0
3690,178050.0
3691,178050.0
3692,178050.0
3693,178050.0
3694,178050.0
3695,178050.0
3696,178050.0
3697,178050.0
3698,178050.0
3699,178050.0
3700,178050.0
3701,178050.0
3702,178050.0
3703,178050.0
3704,178050.0
3705,178050.0
3706,178050.0
3707,178050.0
3708,178050.0
3709,178050.0
3710,178050.0
3711,178050.0
3712,178050.0
3713,178050.0
3714,178050.0
3715,178050.0
3716,178050.0
3717,178050.0
3718,178050.0
3719,178050.0
3720,178050.0
3721,178050.0
3722,178050.0
3723,178050.0
3724,178050.0
3725,178050.0
3726,178050.0
3727,178050.0
3728,178050.0
3729,178050.0
3730,178050.0
3731,178050.0
3732,178050.0
3733,178050.0
3734,178050.0
3735,178050.0
3736,178050.0
3737,178050.0
3738,178050.0
3739,178050.0
3740,178050.0
3741,178050.0
3742,178050.0
3743,178050.0
3744,178050.0
3745,178050.0
3746,178050.0
3747,178050.0
3748,178050.0
3749,178050.0
3750,178050.0
3751,178050.0
3752,178050.0
3753,178050.0
3754,178050.0
3755,178050.0
3756,178050.0
3757,178050.0
3758,178050.0
3759,178050.0
3760,178050.0
3761,178050.0
3762,178050.0
3763,178050.0
3764,178050.0
3765,178050.0
3766,178050.0
3767,178050.0
3768,178050.0
3769,178050.0
3770,178050.0
3771,178050.0
3772,178050.0
3773,178050.0
3774,178050.0
3775,178050.0
3776,178050.0
3777,178050.0
3778,178050.0
3779,178050.0
3780,178050.0
3781,178050.0
3782,178050.0
3783,178050.0
3784,178050.0
3785,178050.0
3786,178050.0
3787,178050.0
3788,178050.0
3789,178050.0
3790,178050.0
3791,178050.0
3792,178050.0
3793,178050.0
3794,178050.0
3795,178050.0
3796,178050.0
3797,178050.0
3798,178050.0
3799,178050.0
3800,178050.0
3801,178050.0
3802,178050.0
3803,178050.0
3804,178050.0
3805,178050.0
3806,178050.0
3807,178050.0
3808,178050.0
3809,178050.0
3810,178050.0
3811,178050.0
3812,178050.0
3813,178050.0
3814,178050.0
3815,178050.0
3816,178050.0
3817,178050.0
3818,178050.0
3819,178050.0
3820,178050.0
3821,178050.0
3822,178050.0
3823,178050.0
3824,178050.0
3825,178050.0
3826,178050.0
3827,178050.0
3828,178050.0
3829,178050.0
3830,178050.0
3831,178050.0
3832,178050.0
3833,178050.0
3834,178050.0
3835,178050.0
3836,178050.0
3837,178050.0
3838,178050.0
3839,178050.0
3840,178050.0
3841,178050.0
3842,178050.0
3843,178050.0
3844,178050.0
3845,178050.0
3846,178050.0
3847,178050.0
3848,178050.0
3849,178050.0
3850,178050.0
3851,178050.0
3852,178050.0
3853,178050.0
3854,178050.0
3855,178050.0
3856,178050.0
3857,178050.0
3858,178050.0
3859,178050.0
3860,178050.0
3861,178050.0
3862,178050.0
3863,178050.0
3864,178050.0
3865,178050.0
3866,178050.0
3867,178050.0
3868,178050.0
3869,178050.0
3870,178050.0
3871,178050.0
3872,178050.0
3873,178050.0
3874,178050.0
3875,178050.0
3876,178050.0
3877,178050.0
3878,178050.0
3879,178050.0
3880,178050.0
3881,178050.0
3882,178050.0
3883,178050.0
3884,178050.0
3885,178050.0
3886,178050.0
3887,178050.0
3888,178050.0
3889,178050.0
3890,178050.0
3891,178050.0
3892,178050.0
3893,178050.0
3894,178050.0
3895,178050.0
3896,178050.0
3897,178050.0
3898,178050.0
3899,178050.0
3900,178050.0
3901,178050.0
3902,178050.0
3903,178050.0
3904,178050.0
3905,178050.0
3906,178050.0
3907,178050.0
3908,178050.0
3909,178050.0
3910,178050.0
3911,178050.0
3912,178050.0
3913,178050.0
3914,178050.0
3915,178050.0
3916,178050.0
3917,178050.0
3918,178050.0
3919,178050.0
3920,178050.0
3921,178050.0
3922,178050.0
3923,178050.0
3924,178050.0
3925,178050.0
3926,178050.0
3927,178050.0
3928,178050.0
3929,178050.0
3930,178050.0
3931,178050.0
3932,178050.0
3933,178050.0
3934,178050.0
3935,178050.0
3936,178050.0
3937,178050.0
3938,178050.0
3939,178050.0
3940,178050.0
3941,178050.0
3942,178050.0
3943,178050.0
3944,178050.0
3945,178050.0
3946,178050.0
3947,178050.0
3948,178050.0
3949,178050.0
3950,178050.0
3951,178050.0
3952,178050.0
3953,178050.0
3954,178050.0
3955,178050.0
3956,178050.0
3957,178050.0
3958,178050.0
3959,178050.0
3960,178050.0
3961,178050.0
3962,178050.0
3963,178050.0
3964,178050.0
3965,178050.0
3966,178050.0
3967,178050.0
3968,178050.0
3969,178050.0
3970,178050.0
3971,178050.0
3972,178050.0
3973,178050.0
3974,178050.0
3975,178050.0
3976,178050.0
3977,178050.0
3978,178050.0
3979,178050.0
3980,178050.0
3981,178050.0
3982,178050.0
3983,178050.0
3984,178050.0
3985,178050.0
3986,178050.0
3987,178050.0
3988,178050.0
3989,178050.0
3990,178050.0
3991,178050.0
3992,178050.0
3993,178050.0
3994,178050.0
3995,178050.0
3996,178050.0
3997,178050.0
3998,178050.0
3999,178050.0
4000,178050.0
4001,178050.0
4002,178050.0
4003,178050.0
4004,178050.0
4005,178050.0
4006,178050.0
4007,178050.0
4008,178050.0
4009,178050.0
4010,178050.0
4011,178050.0
4012,178050.0
4013,178050.0
4014,178050.0
4015,178050.0
4016,178050.0
4017,178050.0
4018,178050.0
4019,178050.0
4020,178050.0
4021,178050.0
4022,178050.0
4023,178050.0
4024,178050.0
4025,178050.0
4026,178050.0
4027,178050.0
4028,178050.0
4029,178050.0
4030,178050.0
4031,178050.0
4032,178050.0
4033,178050.0
4034,178050.0
4035,178050.0
4036,178050.0
4037,178050.0
4038,178050.0
4039,178050.0
4040,178050.0
4041,178050.0
4042,178050.0
4043,178050.0
4044,178050.0
4045,178050.0
4046,178050.0
4047,178050.0
4048,178050.0
4049,178050.0
4050,178050.0
4051,178050.0
4052,178050.0
4053,178050.0
4054,178050.0
4055,178050.0
4056,178050.0
4057,178050.0
4058,178050.0
4059,178050.0
4060,178050.0
4061,178050.0
4062,178050.0
4063,178050.0
4064,178050.0
4065,178050.0
4066,178050.0
4067,178050.0
4068,178050.0
4069,178050.0
4070,178050.0
4071,178050.0
4072,178050.0
4073,178050.0
4074,178050.0
4075,178050.0
4076,178050.0
4077,178050.0
4078,178050.0
4079,178050.0
4080,178050.0
4081,178050.0
4082,178050.0
4083,178050.0
4084,178050.0
4085,178050.0
4086,178050.0
4087,178050.0
4088,178050.0
4089,178050.0
4090,178050.0
4091,178050.0
4092,178050.0
4093,178050.0
4094,178050.0
4095,178050.0
4096,178050.0
4097,178050.0
4098,178050.0
4099,178050.0
4100,178050.0
4101,178050.0
4102,178050.0
4103,178050.0
4104,178050.0
4105,178050.0
4106,178050.0
4107,178050.0
4108,178050.0
4109,178050.0
4110,178050.0
4111,178050.0
4112,178050.0
4113,178050.0
4114,178050.0
4115,178050.0
4116,178050.0
4117,178050.0
4118,178050.0
4119,178050.0
4120,178050.0
4121,178050.0
4122,178050.0
4123,178050.0
4124,178050.0
4125,178050.0
4126,178050.0
4127,178050.0
